industry,2017 근로시간,2018 근로시간,2019 근로시간,2020 근로시간,2021 근로시간
광업,175.8,176.6,175.7,181.2,179.9
건설업,141.9,138.5,136.3,136.9,135.9
제조업,179.8,177.1,175.9,172.7,173.5
운수업,169.2,166.5,164.3,159,160.2
"전기, 가스, 증기 및 수도사업",164.9,162.1,160.4,163.7,161.6
정보산업,160.9,161.6,163.9,163.8,164.1
금융업,160.5,160.9,161.5,162.1,161.9
"전문, 과학 및 기술 서비스업",160.1,160.4,161.4,161.7,161.6
"예술, 스포츠 및 여가 관련 서비스업",159.5,157.7,156.1,149.7,152.7
도매 및 소매업,167.6,165.2,165.5,163.8,163.8